acc_id,name,username,password,status,created_at,updated_at
1,Alexis Hickle,harrison09,<&&Gq^k%tIw'u,Y,2022-03-30T04:51:27,2022-03-30T04:51:27
2,Clare Durgan,stracke.benjamin,^B{%b045%y3,Y,2022-03-30T04:51:27,2022-03-30T04:51:27
3,Pierre Greenholt,julianne.kemmer,C2Em6\I(>}k%Rc+b3(Tc,Y,2022-03-30T04:51:27,2022-03-30T04:51:27
4,Tess Beatty,nader.shany,"kdr/GcA<!,SL5TA[",Y,2022-03-30T04:51:27,2022-03-30T04:51:27
5,Moses Legros,rutherford.hildegard,y_eE7P?1[{h*I_&}vX,Y,2022-03-30T04:51:27,2022-03-30T04:51:27
6,Danika Kshlerin,keely.cormier,"iv^@,R",Y,2022-03-30T04:51:27,2022-03-30T04:51:27
7,Rachel Schulist,don52,nY^4Ha,Y,2022-03-30T04:51:27,2022-03-30T04:51:27
8,Alisha Swift,savannah55,6\BY$nk`Re&k^,Y,2022-03-30T04:51:27,2022-03-30T04:51:27
9,Micheal Boyer,cremin.giovanni,"m&;9dP"".G6)]x",Y,2022-03-30T04:51:27,2022-03-30T04:51:27
10,Jermey Nolan,daren01,G5<`oR%z<xuU}n]!OTTV,Y,2022-03-30T04:51:27,2022-03-30T04:51:27
11,henz,awtsgege,123123,Y,2022-03-30T04:51:27,2022-03-30T04:51:27
